{
    "lr": {
        "mae": [60862.167424042855, 60659.07171336924, 60890.102135274145, 60827.610577343534, 60924.49278702988], 
        "rmse": [79128.67051197814, 78883.94139677273, 79094.61333777252, 79096.42735739464, 79075.27485439314],
        "r2": [0.6528975000622895, 0.6558417867961143, 0.6569078881607406, 0.657122265915679, 0.6559347038872443]
    },  
    "knn": {
        "mae": [57236.92912002282, 57251.68957198645, 57439.05852851988, 56784.45501120355, 57035.79184928474], 
        "rmse": [77213.9427385323, 77370.7486898937, 77938.98137225638, 77116.39509591815, 77229.79644903197], 
        "r2": [0.6694923911860349, 0.668918790177205, 0.6668603159941537, 0.6740740141686297, 0.6718070632021007]
    },
    "rf": {
        "mae": [35739.14334774984, 35809.51766684921, 35766.58234782716, 35780.90170250089, 35751.76685027098], 
        "rmse": [50220.367315233445, 50344.71991533933, 50332.221589020715, 50386.43975339454, 50219.19004182936], 
        "r2": [0.8601862856858407, 0.8598191164878419, 0.8610658148087107, 0.8608597133361685, 0.8612289553426239]
    },
    "xgb": {
        "mae": [32767.01821448375, 32971.28943401482, 32760.63123056592, 32893.84639692164, 32837.20303722274], 
        "rmse": [45574.3068955544, 45714.44970397677, 45508.84381034283, 45797.986968094025, 45366.27657454088], 
        "r2": [0.8848589597601915, 0.8844186062375763, 0.8864182586645802, 0.8850475248934686, 0.8867532565960599]
    },
    "lgbm": {
        "mae": [33942.8038264467, 33827.057216149, 33673.74604108543, 33796.94303265552, 33805.83777604367], 
        "rmse": [46725.98862099524, 46591.90220292059, 46442.52171146227, 46574.918507995266, 46357.02594726669], 
        "r2": [0.8789661072582914, 0.8799390382004493, 0.8817098713448991, 0.8811142626373692, 0.8817528774068929]
    },
    "nn": {
        "mae": [41467.835693588066, 42093.20103023272, 40898.13234981708, 43284.56936160428, 41892.063627063], 
        "rmse": [57071.696669286765, 57635.33070013533, 55434.8736412807, 58712.42717081073, 56844.745595019], 
        "r2": [0.8216675286401737, 0.8150186696318843, 0.8307807102175769, 0.8116183855807976, 0.8227991808749054]
    }
}